col0,col1,col2,col3,col4,target
-1.1401187308910814,-1.3636840948831992,-1.841053692329057,0.5422096272196836,1.076598097700769,-101.81351992977676
0.7046018493588947,-2.0647394807260007,-0.3444033564239392,0.461703427857482,-0.9055112353171401,-140.89607087612492
-0.9901545878755799,-0.7667980996041107,0.6224508240249559,-0.850686853656268,-0.1373250467198547,-130.67754399002698
-1.5207921199301082,-0.3456374471093247,-0.41663112740392155,-0.08972534244656966,0.369755596981463,-72.40614923701904
-1.6017509736949975,-0.3800835257452294,1.0977570016993001,0.016574825305224812,-0.9094156125654502,-61.36918329389368
0.40478964721540645,-1.5651353475075112,0.0018268488645692977,1.5309363537917615,0.015432594250718525,57.84793038617569
-0.21236760611006106,-0.747074878703654,0.10297568010282859,-0.1729321383923505,0.0942357473970315,-58.095578041597946
-0.5850956621914106,-0.18149478769905075,0.4678444681135635,1.3218595074922228,-0.7282182912804431,79.58111531620999
0.8589190326481282,-2.483580687604129,1.3071615039661426,0.48828394276646797,0.2666905976136533,-0.9695812623414497
-0.4721653961761745,0.25106360801788524,0.030711316409976465,-0.7414105166954171,0.6369703479705189,-26.836731025525886
0.15899198158756744,-1.2393405684981003,0.43927440939893375,-0.8820557596580197,1.1366275427507246,-65.58002749554103
-0.16681935962296732,1.6678714972894173,0.6670309652883252,0.5026775137096233,-0.11417921568786436,179.06284312148938
0.5563025075607158,-1.5530365946466234,0.06539991979352212,-0.823028945162497,0.47211573972377074,-129.1359462722171
0.537310331534744,-2.0088645465233648,-1.8075235631334023,-0.9265775509719852,1.5948376820732035,-202.7326104777365
0.42907403383294573,0.8436851243827218,-0.9440195171623608,-0.7507312611051308,1.074504665093148,8.302233731188224
-1.4481221390055348,0.3449741281395575,-0.6404765956401272,0.5658502019227122,-2.3858456215361414,-141.7304630440495
-2.0727058589392144,0.372949181601044,-1.8924514391567864,0.12716613558847806,-0.25617180047756527,-138.8793208760902
-1.3509775441914003,2.1479591410977537,1.356832767480713,0.3579161352249982,1.1226267075743015,274.83821009706685
0.27441690459525275,0.00651872307066182,-0.24329494027679216,-1.000394899718012,-0.10415475018072236,-105.62085572663214
-0.16215013568856287,0.2886665577368875,1.8225706607227423,0.4715682536387931,0.4442852197516506,184.50838004816512
0.999765024734019,-0.2917211824565805,-1.154686630777063,-0.4629305152586392,-0.551316169143604,-129.972457362552
-0.5319257817177664,0.5345964096638847,-0.3436452744206503,-3.0043190748829036,0.2112341336559595,-270.3978816037247
-0.771850838854654,0.11498152823171373,-0.47036453365441544,0.1337396799518089,-0.2654842383310092,-42.24307146002616
-2.2261461671600333,-0.7969194951693048,1.8712587270865795,-1.4446509834167525,1.3173407832596222,-67.97961261666487
1.780608289543604,-1.0024714213282693,-0.9049385457878516,0.36882087775400224,-0.21879718510875681,-41.515879826605826
-0.5564460263531807,0.848452941445294,-0.09983578495336405,1.1460248768117007,0.49509539085652954,171.934622214941
-0.5298843938145101,0.6019921048656166,-0.05487239164764671,-2.238250493347669,0.26898794642018053,-174.42921723971202
1.736211017717217,1.049808082434687,1.9996889295238323,1.4682210029330445,-1.2382467160376636,288.43147919129876
0.7763362965669868,1.3868868328434543,-1.3486614586716323,0.10433223048407184,1.445667126610626,133.73476451138524
0.28931636743267225,1.9310508600530356,-0.5073887901170029,0.1542703274958223,0.07665615848945223,123.21516591649952
3.348344641877154,-0.07298785247967873,1.1057448603996827,-0.17829659821319777,-0.06714799897063685,127.31728325015783
-0.8793340389570077,1.0764297141683703,0.21849412617446468,1.595263884604526,0.14651798067786148,216.4212693617335
-0.10785788080441824,0.3373484871393228,-1.5725136352718034,-0.6689681616700414,-0.3097092862820295,-148.1241450945764
-0.07121386281796471,0.4126044840828918,-0.06634101158799685,0.8611552380139624,0.3468327695591303,123.52176281988405
-0.35481356694192295,-1.2775831112088263,-0.06485657576085982,0.8045113053101629,1.3714872952300439,64.16003023106313
-1.0033798527802245,-1.0605639006589993,-0.1486267403989102,-0.3943255918648914,-0.5475766341149199,-172.98238468984468
-1.7304312448484596,-0.8494916481339786,0.2817490602494317,0.08789350310604323,0.15031204871587237,-68.78031490245996
0.5746832703449742,0.6272047543527968,-1.9303008925100429,-0.7697198913454996,-0.17451746752800593,-131.6443431556491
-0.2894330572033181,0.12924098917408416,-0.7314130374875086,1.0474022750609233,-0.81215683005315,11.509520402942783
-2.0984171650795775,-0.028802678229557996,0.2232623574254719,0.6567914106696561,-0.2822315355496583,-1.9135711174752572
-1.884135448187646,-0.10528299931588359,-1.0774103963434218,1.2050883166162554,0.2844378731913661,14.471919892678988
-1.1212769308117787,-2.7892624189152544,1.3172454124586155,-0.8957966360222689,0.14980394626436838,-212.5453742967774
0.941950636263029,0.5127317250530969,-0.1793585769108132,0.9833950700238699,-1.3247124846179974,63.071377157308554
-1.9307632289087193,-0.7985424550778287,0.8281474067271474,0.542174949357112,-0.8347632780431657,-57.51534264363376
1.7944940346313702,0.2821945911309882,0.2280132002643984,-0.7932238899408834,0.47567570727683245,33.828441452098566
0.005686244994943321,0.9551688596983935,1.0461306169508704,1.7814436943068421,-1.1123069349011638,220.13028116776547
0.5217000274472796,-0.017959027587026465,1.671983410982263,0.049208128375979404,1.2433685239970442,183.62602225947498
1.8274451788794261,-0.07910313386690705,0.07715017955946867,-0.6560962914101155,0.7613455623745565,33.6435304783962
0.345343055080022,0.1384091738228709,-0.9157023378977952,1.0586847176682606,0.002991893603577012,69.56880838615234
-0.03704041063868761,0.21616079643443012,1.3284749662864368,-1.7115655771555303,-1.595559445293734,-172.36930900078292
-0.9329323293425607,-0.4424114157336752,-0.8901371610993072,0.39604957159121473,0.6822415352411182,-23.312158909874594
-0.39185460752925655,0.17646372047323308,-0.9690797944543829,-1.1231967848363174,1.3167740610587906,-78.94956335146007
-1.2618059195479723,-0.2885424697712982,-0.552216513245534,1.0949441560464614,-0.08178099097746047,16.063630705300252
0.6393715163192902,1.2280788945907686,0.09346678825920286,-0.740570673102667,-0.9973841202894875,-28.425408625431672
0.6926506904718702,0.17943651432846108,-0.44269475372232386,1.3108576808099506,0.335481769629076,151.217676060849
1.8918604389756168,1.2820558326553408,-0.9665339397948027,-0.6800855300160232,0.4352372578941973,43.73863980380513
-0.37232506985851355,-0.3045791092999707,0.4495981677936107,-0.3680111177393513,-0.9979489236971639,-99.47449892821666
-0.9136426526256942,1.8792323624699876,-1.499308846860747,-0.7024427368295442,-0.5386451054886812,-85.04249119261908
-1.2053275757398352,1.5255273969927798,-1.4252175347327927,0.05044628008760409,0.7912100642845956,39.380857892693925
-0.18840194521860082,0.46625484487469165,0.09942396921166805,-0.65106420966539,-0.17388922288164427,-41.640445913255874
1.56246214558335,-0.7860595932860239,-0.032144525043196495,-0.28249556904695505,-2.403698775150509,-179.07777446853868
0.7218623816657412,-0.439936930163167,0.8806092559744008,-1.1982001675267184,-0.8285743733536178,-122.9391231796558
-1.574328987473275,-0.23291145718848436,-1.476880202586142,-0.7890522661330128,-1.0983302603594542,-278.40304388496355
0.5643177636132006,0.9171512360927397,1.3817694697445604,-0.30589623327043924,1.358682280559345,201.960445354959
-0.7484237264268401,-0.051470755341914996,1.1371835943506898,1.313800666728074,1.4333097667364898,248.50328337578196
-0.5614641211009387,2.2073369775028424,1.0303024863087742,-0.39114080484245867,-1.4389357371526688,58.21665714043903
0.46032552956206957,-0.5472276650394826,0.5109424868346947,0.29212824431281725,-2.1475515987017015,-95.09191795425869
-1.0813838229661639,-1.0928347120598965,1.5469597791176102,1.812654129893535,0.6909777773148693,197.87268779397164
0.8883345729115398,0.17843557384136177,-0.3059562737915847,0.8583461202205804,0.03410312613304753,103.07312714688375
-0.1367910957057526,-1.7727389485303924,0.7017092597721554,0.2965224383824116,-1.067520820921045,-114.1377044607166
0.7919344967670766,1.3879948704302194,0.48955209528181015,-0.8431511558623855,-0.4403515638550095,31.14568329960737
-1.1598522028153277,0.7467277326803613,-0.6051657137134215,-1.0027232994628184,-0.04179943786805656,-114.14280583325782
-0.1629798409845425,1.2026093088547483,-1.287883054322366,-2.1564928754292105,1.3802157216194078,-118.51536215935056
-0.23055838502640663,-0.7098903319212229,-0.4782132896312398,0.07539085261538837,0.5882620514210016,-34.61663840821849
0.9421190976856793,0.6692831611203363,-0.03460249915835485,0.12861172245840793,1.4544589360966627,166.65959506770898
0.8149876195138799,0.4347238503011516,0.2167270403192142,-0.8882280795341339,0.2724743288232137,-5.274137662831798
0.5359197128291381,-0.8225243087452558,-1.3828753419143232,2.4454799257751567,-0.9245905620957491,63.88575971402514
-0.8261312429513938,-0.5903651187554517,-0.13060703413305344,0.10086083544713569,0.6099256398687298,-20.88120795355394
-2.6541109994452263,-2.527087077027989,-2.708417772731465,0.03655884007812956,1.6977689404028145,-275.3638324717646
1.4249697026912578,0.011713503651715413,0.5293395615752967,-0.7432333675580926,0.10984320692429807,5.526897094192863
-1.0757379638697029,-1.3742961102702465,-0.03345162062190733,-0.3993808173367372,-1.133293919621123,-224.3260791591964
0.5346329373664817,0.24993738435582832,1.7865799973711627,-1.2706319341870664,1.226134772414009,81.32971518014973
-0.8484555184938978,-1.9285619113713899,-0.12169402530301923,-0.1187038071754392,-0.21045346579219162,-176.2553670252841
0.0058973184462351455,1.1158306702836671,-0.7349198894885318,0.8184586128821465,1.6512359701157309,208.38557679614715
-0.11040665273675941,0.3475755477751442,0.49389392207038385,0.6999787455150525,-0.18754041113046452,101.3764369531633
0.17022491210828614,-1.1122028582220105,-0.8201783875202521,-1.3295979298284506,0.24566869820432816,-221.23703736931282
-0.24743965477796787,-1.7481953822545848,-1.1236090157256144,-0.32224564787689486,-1.1950958044249396,-280.8055651827338
0.2650342872066346,0.09943784644799272,-0.4651138633149786,0.600745172534602,1.8773324687527302,158.35740997014068
0.19664362962538606,1.0784967523132332,-1.71724368945214,-1.078720664544384,0.6291852093676678,-82.81855018141962
-0.2144381469732894,0.14438429402917502,-0.20667352913008882,1.1657630868985651,-0.2934392198803688,85.3020248732538
-0.7551178891915038,-0.5766268469198579,2.1609988574155663,0.2060004610518499,-0.5574333155258372,46.15688295897081
1.115858763941467,1.3149356254215656,0.19574182659976408,-1.1524379121674544,0.8351025319539545,66.7126486559282
1.325746196104616,-0.13876338710512726,-0.17098707345438274,-0.8848878524324039,2.460017203670017,82.74959980191952
0.662481100483174,-0.05919932750446577,0.5810290280790475,-0.1014649287508362,-0.7406119614363436,-7.496662072732221
-1.5941887476308405,-2.132213513459274,0.9034350932631364,-0.7182373609589648,1.8849705874149718,-85.31598642046617
-0.04643298954742382,-0.8343327803778297,1.9485117063841424,-1.8937946618236807,-1.575048072398421,-221.9615864852372
-0.6774542967745291,-0.5711259863854738,0.07077261967733064,-0.7672528961867789,0.25516508429832163,-108.060231174225
1.6452409207139764,-1.8165122635415143,2.0966159028004774,0.9706570086026587,1.278960484269502,212.3927319336812
1.240465889779291,-0.37045677116361025,-0.9332976676714838,0.6941624532082696,0.7377902211916403,70.4605222986088
-1.8240698923673588,-1.115138100797674,-1.54727907089773,0.22625549132723602,-0.7630963763802305,-229.14153537330378
-0.438406382490759,-1.8705566413644148,-0.3015280486530418,-0.23303387527077388,0.4485363588606464,-142.29643367713953
-1.9686121483561716,2.4844845298258535,0.03530488435761259,1.147457077117599,0.24294545958029473,229.5490066941691
-0.36167352796774666,0.936257348991745,-0.44647565063737543,-1.3592530372532163,0.22343738015538617,-89.26781711728655
-0.6671829365161805,-0.11440333469288234,1.3239663903755037,0.6933989752158694,0.7235237678190434,155.58899791777154
0.5519451309774075,-0.6270072111099483,0.06927823810926016,-0.3985214916632985,-0.6494773669841681,-97.12255686271618
-0.9025217903247058,0.802103174874374,0.9056284998532025,0.9778988599747611,-0.978780688161408,109.65577067931511
-0.3930343510079597,1.4625351611895934,-0.522099800154888,-0.5060057256528037,1.2058108176992695,78.95534294853397
1.8719354885710937,0.08892932768826882,1.3088804556217273,0.5787038702031493,-0.001338267204078628,183.4856535879335
-1.3482511847031837,-1.2573116837752683,-0.018769424706428683,-0.31469147121198365,-1.0651213744992685,-211.4945473846592
1.4361831941845475,-1.9197517503434443,0.5353615993232744,0.21161377998641986,-0.5970573570721385,-68.93543322570076
-0.5744636808121125,-0.10256505078027676,-0.20994343691313533,-1.694370128354247,0.02199208254953257,-192.30228387405128
-1.5037727743131477,0.5004666590677346,-0.07295208949031719,-0.17603504551144936,-0.2811646832979773,-46.58883843919706
0.9037738325439488,0.22961986468991596,1.2123371049012102,-0.4427833619501205,0.07056539040604691,68.13763084078437
-0.816475870648157,-0.5444851547469907,-0.48820044945636315,0.8227580818371807,1.1632450445015075,64.41627622440669
0.36223206484882214,-0.7991153879359971,-0.06865072704274496,1.673778810717063,0.3075455443822415,132.69664102199016
-0.7860381951702223,0.7950560366502832,1.0762971327119317,-1.2084039544902623,-1.0368068793885985,-88.70561917837733
-0.6675741912023885,0.18744433467418684,0.38587602286822376,-0.29630761954353885,-0.8635741442891753,-64.88353901004982
1.6867964322389575,-0.47565898904278286,0.32189575487747846,0.3067549851728742,0.48360288460879625,92.22879589828617
-0.3048114713872476,-0.5968343769514554,0.9777586995535051,0.7177864989622483,-0.3106982343586905,56.36956398701891
-0.21934550420358687,-1.9304709901179118,1.2025605835615885,-0.720930231377955,0.5660133936007374,-97.64273153345479
2.477513221764933,0.5592591812499924,-0.5448015120703064,-2.861031157626547,-1.1603430364951453,-265.35993235945716
-0.5524715277261424,-0.44413979064388703,0.20497374579547087,0.46925319898897433,2.1082042290021867,138.8913432917152
0.6566373806136133,-1.39572051117046,2.5066547597499107,-0.8893907256934533,-0.8768051889126979,-71.14320701252096
0.5024626846977341,-1.7941254748356812,1.334223048886708,-0.461493739139867,0.19519175920604878,-59.57871405545016
0.09102630766532284,-1.912210689829407,-0.15632388005440365,-0.873828859941665,0.5183001988384021,-178.92383235236304
1.3275002658487751,0.3156404502681963,-0.07076802861319374,0.5260239129209521,-0.1276993761285803,95.53680954576032
1.2303078629340742,-1.1554364745061785,-1.20287561684511,-0.40095679682894436,-1.0271514324705946,-203.92613502741065
-0.7387796936299332,1.2039061853725677,0.22524823426051246,0.8757003911782475,-1.4128043398543109,67.18902038975732
0.12442398629505594,1.1262506389729556,0.09876721891594044,0.32937767668060863,-0.21756250403732685,99.17790186107248
0.1485524125866356,0.4793251320380672,-1.1345213752542052,0.020184902090829616,-1.0931761565866172,-90.01438416355472
1.9619412447199818,-0.3401184169206172,-0.46571524162638256,-0.6825515593082087,-0.686348550172174,-98.02495704641058
-0.02858530267723341,-0.027115802448786596,0.1305333287698052,-0.1101405351612179,0.07283149192191879,-0.9949690908792661
-0.5018479095482227,-1.0808378249782502,-0.208483657309559,-1.185647430572491,0.7996211088637991,-157.78036543635474
-0.04513770826087433,0.3105177661066094,-0.5138688675948495,0.280644921278954,1.7163203114154582,120.65524430977284
-0.47103991531407974,0.7912659146391381,0.39464273592170424,-0.36503815462960787,0.008416690649257928,25.275468464475214
-0.33360628605638937,0.5822576018926331,1.3690948797520923,-0.6735814278377427,-1.0930951875179276,-26.664428255904866
-1.8671537041455364,-0.20549458933377923,1.101424284628302,0.8557976106911692,-0.268691497254665,60.470292554572204
-0.5218979233237468,0.6070538463735284,-0.7629885636656186,-0.7631921395793221,1.4108859609336082,-4.214788789266592
-1.3482414666697797,1.640204991449834,0.34387012571381464,0.5646442907473211,-1.1107363378097772,73.27704280144987
1.3670161625678665,0.4456667183877116,-1.547562650253401,-0.8282840992820155,0.5138325740095215,-64.85681907962883
0.06190718174229132,0.41305364031534186,0.6955391897640625,0.6556122508701056,0.045863976246667416,131.0352408468206
-0.2643042577655114,-1.737382912903754,-0.2481816408777767,0.24103466872624518,-0.307140559989048,-126.56332849379464
-0.7256210464512906,-0.5035270947773182,1.3323475549513615,0.1976234003884418,1.1827717334332006,110.25663501370177
-0.3237564084459221,0.683129457614223,-1.0529229435441467,0.4324138822727302,0.49028643883938755,48.32394791199887
0.2946634459891732,-0.630631269738837,0.2892059987411659,0.09860375417304633,0.367539598775113,15.50106811208547
0.35707490773758604,-0.7662089767682115,-0.6041839510287138,0.8170140426699147,-0.5376974314578276,-26.15103480262612
-1.4856414897564452,-0.28704535882192034,0.3042604062041199,-0.6975439903124633,0.4136873475607078,-83.5018900245117
-0.3562442747671086,-1.8431823919885266,0.13994394488106124,0.3696280590249477,2.15543938458873,45.039557691578075
1.395323422978288,1.1449566063531298,-1.5569453457678641,-1.4171950663652118,-1.6161912912840979,-203.48405043206742
0.6259287425477315,0.6903849265042515,-1.2997291095775187,1.186811941602625,-0.7762379431842984,57.061153180549574
1.3961636653688934,0.9341218268842585,-0.34937380982909305,-0.5363646911674281,-0.2016986356204299,16.757929834408984
-0.9467517099065651,2.1319708895136262,0.36938022808866167,0.4644564484700508,1.0287892414668125,235.89083066785315
-0.18210784744516137,0.9443306054089142,0.5167291586126656,0.9117086855205994,0.7739957230570631,216.355811473431
1.1040539239115366,-0.5803536634167696,0.8501727539779437,-0.3948360995620436,0.4713785586670893,30.989591332241826
-0.6111541451414232,1.5607746841351593,-0.6119985240887934,-0.48648923955066664,-0.16361195990056082,-5.94938576817826
-1.090048716769228,1.471689228089036,-0.5678729342102423,-1.047251133523931,-0.47014520034581764,-93.89970494018425
-0.21325416944118833,0.2888604281380807,-0.558752948780085,0.8080078475322536,-0.5510067112728837,26.149273210619636
1.0739841896782538,-1.5874813404059351,-0.4804258992398041,0.7062140214857144,-0.03930225379546151,-32.584686677149776
-0.19566504030870951,-2.0910948583173,0.6866457491926896,0.6544834535406521,0.3244388590813549,-19.52057925931942
1.4013165932059728,1.003639924752504,-0.3088239179142219,-1.259903582674572,-0.04010657189803273,-35.25410007274719
0.7151779549760959,-1.6685503167863638,-1.3467358121608206,0.9331541618486074,0.6036815118636403,-34.592566815637355
-2.881053974711928,0.5777726585415619,-0.20054303310871024,0.9485085565998059,0.07177130140303373,40.99175623058084
1.3542261186865223,0.48644987082220054,1.60701057736922,-0.6868332988580711,1.4437308916814005,177.58024301268176
0.38284457042800724,0.045331740481945056,-0.11112913622760376,-0.22347419107514588,-0.821764583516406,-62.49606808887034
-0.26199106511426357,-1.007120529676042,0.14594448342404168,-1.830880491187318,-0.9205337921038085,-291.4561544818745
0.20468907198777472,0.2034316981671844,0.5892176802982009,-0.9224851930809131,0.5239251674818599,-4.822880309121068
-0.8857163177300621,1.5671680895041438,-0.39099090111646606,0.7631974563259628,-1.3098732802447213,48.3927860713355
-1.2305089570227543,-0.15733821649847976,0.4396961689015776,-0.4815960617067668,-0.625910995004914,-102.75489322534547
-0.09516511740873072,-0.07691021538013354,-0.6968486629193854,-0.8209720101357786,2.849297466084316,48.353229310612164
0.014442758175660314,-0.6955410598964712,0.3078533538803604,0.09649859704410632,0.0019787378846361026,-17.477812974421752
-0.9734571421971752,-0.20250225838966163,0.7239980593692599,0.7427588780120646,1.3049150992887164,148.5256031165624
-0.3260982596557277,0.07723880772363839,1.6070096535897318,0.023054674272712048,-0.2383944685987179,71.44159911281484
-0.8017196640584641,1.1130649808972957,-1.231666313297109,0.71018831177519,-0.11409805558000219,42.88143164129782
-0.851418518557208,-1.0463642750937794,0.7510171791812433,-0.3048421977169953,-1.035650529841502,-139.9028364978741
1.7156384966615328,-0.7162391743629224,-0.2340765714605921,-0.9522028428174077,1.3372379817356612,-20.40410928726932
-1.1765502474299625,-0.4244888793717845,0.2039707559712656,-0.015742593329816982,0.4474727716465692,-22.61823544789433
1.5824223221433187,0.5682516952780745,-1.064160191192048,-1.2302094659465626,-0.036511525539382694,-95.92766270768189
0.7759712836254815,-0.4315842176073295,1.7261822912411657,-0.24535182010594522,0.5194971337691711,95.94412865426702
-0.01839174464997353,0.28698005202595567,-1.6762627981501996,0.6046691260655147,-1.391083107245169,-98.80284959012454
-0.8436993612025744,1.6755627232489636,0.79959002194441,1.420918998447505,-0.9541359578199626,204.58913505364694
0.10548196918914786,-0.6446654976264151,-1.5728454243428396,0.07399636823158667,0.4210772783104679,-90.69515362120725
2.241539060516166,0.12160160672719404,0.5880222600935882,-1.1922418014668703,1.6281860949403797,86.80261886811957
0.3377156077961915,-0.0884022687931833,-0.2517302547781851,-0.35557564404930453,-0.638732412380476,-81.41258018109124
-1.0432287178556539,-0.7182007974672581,0.27575420690260677,0.6919451302090643,-1.619437977735327,-90.73091845026559
-0.4504641690277635,-0.5397195711221764,-0.12178366532172921,1.5317068891286383,0.629220133880035,129.7581991057313
-0.2658447500823287,0.43821241153563106,0.9639301470442001,0.8967031983592203,0.6910025701241399,199.6461885964672
1.7431660406584157,-0.9853025037240212,1.912463599607202,0.4925896378357571,-0.5020575872182046,106.03433256438001
-1.1604307353724248,0.8169833847467173,-0.7336754849991386,-2.1107804577586546,0.20786368164399927,-206.54047986843193
-0.840851028812792,-0.4328587935344507,-1.551384792567931,-0.9404284266684299,0.7869242372105374,-176.21637601965213
-0.5285683142303688,-0.35758178686826425,-1.446723520160798,1.6288799454742737,0.10169630292664975,44.93189814515009
-1.2035937803918237,-0.3932983484754261,0.2911431427975867,1.1055032764053745,-0.8728178386678899,10.28808238296287
-0.9055466172131684,-1.5155511176240704,-1.1684933241649553,1.4724249816780783,-1.5036730434925334,-135.243260579674
1.1948428047112336,0.5714087757691662,-1.2325546906233007,0.15204311515504845,-1.1780145913151134,-53.193966077282056
1.8057246177797475,-0.3017754549254904,0.050492009080229765,0.9803524674853618,0.5104495029185312,157.2311148962686
1.6364697600938736,0.2386282493962915,-0.563727002198265,1.9009884804521573,-0.6105854624344293,173.5925277382262
-0.3510793009182408,-0.9936793257049642,1.8166977261146449,0.35546287058716275,0.13447766367892186,67.70022334797387
-0.6223058786786294,1.3313643294520658,-1.2854433155492797,-0.16540643965785873,-1.1940893495943923,-88.7963399561004
-2.2344691295117527,0.35369583048240083,-0.8877898203224277,-1.3409192830424708,0.22069723547152115,-200.43448387605997
0.2406613979836795,-0.14814496497799573,0.4338804746754348,0.3807341910034483,0.8960109153850945,110.98783563542104
-0.46687661695831834,0.05833467094948204,-0.3559479968666746,-3.0906885024839212,1.4323154235976738,-234.56851687100595
0.41144650253956494,-0.6920238638388111,-0.022138317064152098,0.08337880223888568,-1.0024397579783264,-85.66024879875124
-1.1728407590993624,1.0319421339718562,-0.6502377260491945,-0.6750428204906148,0.7900829458568612,-17.877753216843786
1.5590513316223253,-1.1251099747305031,2.4184887339925902,0.8151007861593013,-1.3168293026764655,101.14501552308684
-1.399257299601494,-0.5846411500315507,-1.1725468396347967,-0.6539543738614899,-0.3153017179489595,-219.74273771341677
0.1822671049961828,0.7408906087641566,1.0870297558245836,-1.5494568882035136,-0.5982846447953518,-70.83001016594548
2.2422903692826255,2.597041167434416,0.29240024924145025,0.05728014229980734,0.46228270045332526,276.86359445344186
-0.045285365917154,-1.5207866028115054,-1.1014025779045384,-0.3857650348726773,0.21626362530534482,-180.91125842064474
0.7955989917934996,0.15673445594005336,0.04495829268814647,0.3750348208347732,-0.421681272240036,45.088507095407536
0.22434251038860473,0.8810665752294279,-0.7567590580592861,1.45289109993011,1.0062958663291972,219.6375629762939
-0.187012059256852,0.7858046226762481,1.0851947095085388,0.5806994276678428,0.5797700479394458,193.9701984410791
-1.1632600071107273,0.6713918045605363,1.2592528628067767,-0.6730783706677766,0.12009267939240723,22.957286252081694
-0.8272785213371143,-0.12834293499890384,0.13934767317877328,-1.370907815934304,0.5269770661523852,-121.09128311827357
0.030836937784212218,0.022003639272434657,-2.565255935181915,1.1016782346384713,1.3581726325691388,49.36253910859891
-0.8673785555080021,0.946567483652897,1.033609179186347,-1.702882808114702,1.3011979165610188,9.791567765490583
1.1017760958445184,1.3216777008987373,0.9102845141331795,-0.9001016226838321,-0.7028479247306003,37.15400648544434
0.9516598696111259,-1.2913848519715927,0.11854763806962926,0.13118282123835995,-1.1847624790565137,-107.72224684726066
-0.10224576664334499,-0.40164631854067717,-0.7722534254066815,0.24987657963731,0.43812305294423265,-19.86783480433437
0.4178047265949434,-0.0016180616293020125,-0.7318657410502254,-1.1307859382906855,-0.1950847638706253,-146.46485852656295
0.7012730324102481,-0.686770649054014,0.3759868673079021,-1.0114530246579019,-0.8121238825580412,-147.93724224339428
1.7323755788425426,0.17576228377828224,-0.6622826135208133,-1.6294046421479647,0.7665199143777629,-84.63240233907061
-1.1478412825362412,-0.6391557399288957,-0.293223454482879,2.2909665024858863,-0.03953761912367003,126.63016583609091
0.19895253989738046,-0.205654003854303,2.4863301647100045,1.0002749736252134,-0.5934030539557771,186.7763328345091
-2.498309299667121,-1.1276151363477658,-0.7836876957731238,0.21331357340867466,-0.5289437438988284,-194.32652232272602
0.16030221038020753,0.6521924098643672,-0.6452018770450929,1.0475667729037095,-1.260791927095663,35.03189973892742
-1.9110292448933774,-0.37365697883410137,0.5859627259454712,-0.3883772821147129,-2.200501949040389,-212.9880230498225
0.050379415574886274,-0.263315334234821,0.18072871753596606,1.4436087464207072,0.6856686008405691,172.64381654247933
-1.8430892860493557,0.7946499502820169,1.9753090037896075,-1.0160084565030874,3.3834945450782734,214.1089857063268
0.9113030644425247,-0.9282733478577473,0.5124033769272576,0.6432754606443398,-0.7656191147551495,9.252242834941896
1.1861725292250307,0.6891769661960007,-0.455700413183912,-0.11695239020629421,1.6098932809565996,137.91217807317588
-0.029615923648348075,0.551726937061844,1.3609973999879175,0.1825646641497213,0.23487906242637252,139.99440226842674
1.8420636254834784,-1.9977249054634165,0.6271705176622877,-0.3361832282704085,1.1829090208391495,-2.8295481656443258
2.1619970229663217,-0.45791223772727835,0.3870161618792322,-0.08892180056321883,0.40106022130529917,67.61120407272458
-0.057243563916598045,0.8967052509697202,-1.506068114647698,-1.2279181465625821,-0.007438010885822504,-142.2534882093845
0.8577137681529615,-1.098367462743076,-0.17455022027597142,0.46775332856755747,-0.3943198046098478,-34.65813548362149
0.5225967594867221,0.056322231411706766,-0.9574884675783611,0.22288953595801442,-0.38977534246985784,-35.68320154015992
-1.932894638772846,-0.062294259387264614,1.012901738402509,0.5512184108098882,-0.2103153125497838,37.657255118298224
0.45442242647735065,-0.582259222523673,-0.5825795870269925,-0.01650385813443103,1.3134073798022876,21.54892544730707
-0.13440536418315,0.35707055289895673,-0.14412599612608695,-0.30234796425502597,-1.071146794881875,-81.11570351009968
0.8964616548739078,-0.838729262804448,-0.44107708067887896,0.5761634134733546,1.4158689323109608,87.31072475390361
-1.7306966419764969,0.7656292636276134,1.0586923623989117,-0.20232466185214434,2.3457767289336102,180.4387820070231
-0.34318357340242067,-3.007246096349971,-0.3255518415295375,-0.8391004417261279,1.8284474732831106,-188.00933993942817
-0.6638192757886507,0.05278635356415039,-1.2217160158918396,-0.5375910675458043,-1.5697876655117406,-225.70726299041883
-0.577477734658534,0.44464076859565005,-1.0668572727892134,0.5359552879538564,-1.0304696333355183,-56.02350939661001
-0.8819353172984494,-1.804094791831754,-1.2290796738753809,1.4056612648210725,1.0876937910916653,-7.190158655127078
-0.7971643301052527,-1.608723727017986,-0.6749045954041982,0.5566746310573005,-1.8743064027221787,-220.31324813995468
2.5647637721690457,-1.5075601067148214,-0.35770725103918416,-0.029769985700821747,-0.11253009670695324,-53.73445342329365
0.46679380060541836,1.7357554522523941,-1.4231286965714127,0.9962523682536681,0.12696387636754958,148.71503325715628
-0.11646271440647071,-0.23886863426402116,0.7997275481835432,-0.8139230405009678,-2.3162095011740167,-190.48951940546578
-0.7827709065411053,1.4541730537251656,-0.13585238509415168,0.40983397916065567,1.97312952127072,221.29148901777657
0.8231414337264016,-0.7067808940470465,0.9786423843181997,0.16875549793427325,-0.36575053337868985,25.283918845889886
1.1538424895161183,0.12626329340081344,-2.632912665422436,0.5936639354835567,0.0419325951013847,-43.67201148535075
-0.10739085674411264,-0.09622018169780827,-0.9517311861037391,-1.9369669746339813,0.36958936745478377,-221.34209628012127
0.5117686594679602,-1.036450005817244,0.3957320053602013,0.05961378407805797,1.421274294902644,60.90760020986217
0.6573980053530023,1.0608478371032855,-0.024434235008402513,0.8733224669274317,-1.1745962072872136,97.12845667179035
-1.0987365261620745,1.2415049239757283,0.5820170125556032,0.2294248031657707,-0.3670974788297491,80.53942020722417
-1.4640829434568765,0.5482352499031368,1.2458694991020265,0.6915214155008892,0.3638528445328718,149.83797026176967
0.09001735277893276,0.14533629397727224,-1.0096691943044864,-0.4930940102590739,-0.3729271250371666,-111.52667968616667
-0.9734177546547399,1.6107188702489075,-0.7159024642684225,-0.5784063934972175,0.09137091956919803,-11.807743165882542
-0.269697690167593,-0.23400608750600763,-1.7650564559072117,-1.2212242318625337,-1.0663658572281056,-297.07265502337276
0.35951735792335543,-0.946935862830628,-0.0108031712859956,-1.0258885454022377,-0.42066159836141426,-172.81145317884383
0.2631466349077782,0.9242554300089266,-0.5500039180065304,-0.605691835121152,0.6618357952309082,19.200794879029615
0.1902545307204508,0.11162160145250052,-0.0008001815516327995,0.21546889124093427,-0.04262804497182062,30.654817115262
-0.9768748739240779,0.6020286984083608,1.4204411955143825,-1.2445015730263949,0.12758130157914582,-21.206315655264717
-0.6924149020611536,-0.3620156632457572,0.940776409383733,0.5181990514845515,0.3782675715072147,81.0546985441483
1.2628564702056515,-2.4445168777769823,-0.3728499580857335,2.446372117892512,0.7490101658721691,135.80270240317267
-0.08058084382481864,0.8095421548442411,0.2462389979022715,0.8974423329205999,-0.6273242224175279,110.52324348793306
-2.4991753084387343,-0.07364167971962245,-0.04431942282659814,1.0968414900014778,-2.194327082600927,-103.35391706351362
1.052178366216808,-0.4995045489750452,-0.007671089937982238,-0.13395285463260403,0.7938802407750671,32.22384124379322
0.8717291040623569,-0.8555594054374777,0.5421505150793553,-0.7593117301372507,1.064014190088084,-8.614746940244878
1.0012442154544592,-0.6836746907317393,-1.122421597918746,-0.5831321118412256,0.46894526787912,-103.35285210129562
0.3232716338154503,-1.1535761499048318,0.5156158505727071,-1.0109824088533463,1.1627040212400939,-62.079164923069996
1.4661357378356612,1.0331366703978677,-0.6661338312815475,-0.5481566807714435,-0.49139575129238267,-10.664288792720981
0.6317579780035135,-0.20621074151374139,-0.04257864514138459,0.09759519266723933,0.03046807080679859,13.551001189696143
0.672223822268043,1.659320745021322,1.3376610812408327,-0.6645821547340881,-0.24178459201663288,119.92165752451436
-0.8461498649839908,-0.11021012862297587,0.6844027976951141,2.560675818971767,1.6090580701692205,346.05019550833254
0.8065793647574718,0.7195206992959542,-0.9456463562317271,-0.3652377506339623,-0.05420751532565529,-20.480183437194697
-0.06175604214248933,-0.11001263397044504,0.5241021142185974,0.1683491297554927,-1.8001871025792908,-71.81290541125803
1.7311199864047984,-0.8704778862853738,-0.043107469303051316,-1.090974050159257,1.0865581299771996,-47.61487313159591
-1.912254889714967,1.6443301062639455,1.1241417311378177,-1.7412933461925075,1.9016798794080927,62.69576948298456
-0.38649936146133007,-0.5030079971286604,-0.23263052772037227,0.3848346258940181,0.30395635232405877,-0.1863976230260107
2.2803062117039876,-0.4728789897468699,0.019483874839006803,2.292417573756057,-0.44643430155879243,224.53403044703936
-0.8684750825435436,-0.64473438963729,0.18016651710287934,0.2771617334923593,-0.021066116606398365,-29.816726173441097
1.5950888889535924,1.3086682502690958,0.8291354978344715,1.3821351825035428,1.4746542576075923,392.0938644969028
0.2104898705482988,1.0159201145773529,0.4522664518789463,1.7185684835614452,2.5459665566977954,410.8709073929034
-0.27353397278708314,0.6174037083294469,-1.479065415028843,0.27486826002217873,-0.9843294840963787,-80.91806004462518
0.6628372453586246,0.2931543555556277,0.2918118019883461,-0.3738650265335191,0.6899857742333407,59.2899059093764
-0.675872993980101,-1.3321103819320161,0.21791984730043792,2.194897196731609,-0.2822515059661568,99.57063074541443
0.12226826134138025,0.9740699805603495,1.26053967566457,-0.22518181047073646,-1.12977680422325,45.23243541152424
-1.927809291058369,1.1702628585012431,-1.43322202709967,0.4060526518214035,-0.14833440345036292,-26.317139445382935
-0.3764240748526662,-0.7825417076583484,-1.7737233101455405,-0.06393456718259467,1.110409281696316,-95.3903256380087
-0.48065474379737694,0.3629411468836136,-0.8703634241421428,-0.698757167334827,0.55072039571811,-69.93487815892667
-0.9733329666539391,-1.9929058131871695,-0.654965325449647,-1.0667021393828404,0.10102730454953948,-283.75270307079023
0.6045783850925306,-0.04739247321397875,1.5551159491508817,1.7458338133278049,1.758750619310623,369.16679684022097
2.0754521440494793,-0.4513692084983103,1.436757069684699,0.507010637210281,1.3277901114983666,234.52485154332567
0.003064543120098023,0.17210089833442488,-0.4279834847866391,1.0364448401464692,-0.4417091257858613,59.94242097835844
1.0557701958169932,0.7766680236259427,-1.172986455342326,-0.6975534410439977,-1.3481366839854787,-131.32669445141173
-2.111587960998023,-0.7985974377843287,0.7790652419516146,-0.394235975331218,0.565804891673601,-69.80378525004707
1.8322232704024328,-0.5230121013627275,-0.7256535812284413,-1.249703448186552,-1.028690006640251,-201.5541156163048
0.07977657521244502,-0.4860534060299659,-0.9800531463619259,0.9156796299044313,-0.6735263329593316,-35.14074131338683
0.5508301665517965,-0.4869968186715813,0.5779384346018412,-0.052695808349780646,3.1114754121394865,197.59977557144416
0.8728785644353357,0.7043166985511136,1.7253504317394563,-0.7522871103286317,0.8717791818270698,144.1028963570335
0.27459200059952626,-0.40990166663924404,1.2192128947639944,-1.5927983165969397,1.2697847025557965,-26.525873887853507
-0.6517407794535984,-0.7499973623928211,-0.04778824222570016,-1.1295958446534984,1.4385239320795191,-88.50730607056599
0.40243894403616015,1.2913801205633875,-0.26284187195107583,-0.5441397085650633,0.9414017576537416,84.59743618079605
1.2494390469302383,-1.0602393360015268,-0.6313607158659672,2.3656765582503114,0.09753170051455841,162.91849138813
0.5891281540007544,1.0727034213757387,0.39557059439642933,-0.6371010569209471,1.3691960663910328,128.37096493095035
-1.3747054947000814,1.147431861099732,0.08259949771718339,0.1263385816781825,0.9921053324801185,111.5981617359228
-0.6874052128132253,0.482231833962069,0.42936775141961386,-0.10566628357038806,-0.8375171718485399,-24.685146507647172
-0.06618233201182873,-1.140735850671642,-0.13338890910775367,-0.41016683289787786,0.966436780503707,-62.11016418620753
-0.3841749008075098,-0.6768743349850823,0.7083089708180691,-0.07084459521579596,-1.3935175612433615,-105.09406509983322
-1.3129154909662022,-0.19055997901076727,0.828065518694633,-1.6598247129037118,-0.021317975866607712,-161.3362446287129
0.7697626196930248,0.7733457452562367,1.7352140325245622,-1.017377980109181,-0.8235662674098926,19.442403968234174
1.0594906782210936,0.32692804148346866,0.0694881321764121,0.24942677565826413,0.04018139425015937,80.35495380921658
0.13385143861452833,-0.7759868766607125,-0.29263964854351926,-2.074638575397506,-0.14047981973924945,-265.87628386345864
0.5948004418548021,-0.3490509256213088,0.46997935518811906,0.37611039641836674,1.2725977872811893,132.0620181102638
0.6759089222044516,-0.8836940043700462,-0.14162329494276388,1.0556083786271273,-0.5661678620492197,21.115345350887495
-0.1292308263986907,-1.0759737546898462,0.10191609929126884,-0.5021427283940625,0.37386349642344463,-91.20285731353582
0.7509513064939679,-1.1027724673757964,0.17747357261033542,0.3270249148300406,-0.3185441428704027,-27.57236686433648
-0.5772637079270457,0.4385579308930648,0.8044835768128752,-0.5304274223699247,-0.9137683862904825,-48.85880268805842
-0.6949244223483362,1.0727816376515904,-0.6124482474370448,0.38949015774294515,0.40072547385060614,77.35857747109682
0.3533813560800256,-0.40243851680120346,-1.5248989522421057,-0.9995400217883508,0.7918609819597252,-145.179562115493
-0.024369435437775287,-0.7696345427648486,-0.19251337788420295,-0.8345068693868297,-1.9133807754631138,-253.3605454566379
-0.8062712109268747,0.687661603580003,0.27810052169189037,0.9004248232156321,0.625859300580527,159.88487617576897
-0.8502463830641237,-0.5126234425369504,0.8101015496129512,-0.016251396942120244,0.883300373677215,39.722888246053806
1.0650711805359052,-1.035103769009066,-0.807931813283629,0.06947798235338959,1.5405140565031687,19.08416484872877
0.7692929906863755,1.1095970379820614,0.6262934423818309,-0.017215225232967736,-0.742676545821346,80.22965072446863
-0.4090660927857852,0.41485299614356125,0.65294361583708,-0.0465644863621608,0.22421458079883014,60.08561593182058
-1.6671009355509905,2.7643517750980595,1.340572650895905,-0.9172728113428041,-3.0671368591799464,-67.40804251927469
1.4120995979703788,0.7242902183243718,-0.09912167084884031,1.1279612708309923,0.30496837654084796,205.28257153418963
0.6444797280756152,-0.5141541865448384,-1.3524175286304367,0.3800159562306235,-0.880600502648349,-104.64552683142367
-1.2315705646402255,-0.1788550106534686,-0.01349477897104074,-0.036264322969386045,0.7191252535826747,-5.92888573670054
-0.09010646719544119,-1.3607328061870887,-0.06365507644935121,-0.9174536220887142,-0.5836131478240231,-213.9629949044364
-0.18703876168746256,0.34328065699503824,-0.6505006803322174,0.46365864673410134,0.35523988010541674,47.12095369846132
-1.2396129014132966,0.6860217297218221,0.3732205126404579,2.021414649024076,0.027554781674490048,223.18594545622304
0.4767014497765904,0.7166467485796049,-0.7251232328533802,0.013290955344990774,-0.012298983977573985,20.524393444789293
0.8914373663979803,-0.44732463758599045,-1.0896171229816094,-0.45563435284679127,-0.22258972666438806,-118.94661644849995
-1.0631353948707416,0.8527942582052986,0.8550286449439017,-1.0548642500787404,-1.6263552957321772,-125.49355996222499
0.49045023235472096,-1.4738495060597914,0.5761300653030933,0.8449661581876575,0.8249765168512861,80.79509712707751
0.48671476854178686,-0.35388723721945975,0.30110669836723636,1.3112033370077487,1.3611198582814776,213.41533975164091
-0.5654066107086566,-1.574270372714546,1.306151423915229,0.21086229118056313,2.558786543933872,128.79628586453663
0.12691558943606684,-2.480349140619861,-0.4002298072887155,1.1125261515395828,-0.2571583791711216,-85.88019961322641
0.4727370144863043,0.6827463044572317,-0.4648406074234617,-0.2696656396220291,-1.7806563187509823,-100.44904261503135
1.333648248060652,-0.8611514693853469,0.03393008416415615,1.2199418606617627,-0.009943591888772233,99.12935732214561
-0.5047511325281062,1.1665204643730769,0.4130081164751463,0.40568979271607386,0.546208657002022,154.4384329410501
0.8355409652192559,1.3838487436217868,-0.763831321803178,-0.5768280199979692,-1.3346473248621884,-64.29724839789765
-0.7617095565198281,-0.8037336216751955,-1.5173576544507046,-1.434860938159288,-1.1107285181756563,-356.40193932642853
0.6192468222427158,-0.34118248754231395,-0.9220238279814159,-0.7261237607606329,2.345065857346278,17.762191703985977
-0.6252068025544896,0.47551890427026683,0.02532325278885514,0.3432198693697681,-0.8530528957033467,-3.7550200232570994
-0.3019854779634104,1.1515680179232721,0.9115667726376566,-0.9307505634609176,0.6402468942484838,65.27873412291183
0.13520593801162942,-0.09169144035427491,-0.44978306566242754,0.8338816840682505,-0.5690249012882986,18.79473549500088
-1.0934386231297175,0.04179361438723993,0.1625811710499098,-0.9594508926297406,-0.6348094067867227,-147.0642689416518
-0.5271700131160879,-1.6228567076256253,0.8168439264386054,-1.1565833762668318,1.5486256157059308,-89.75771671340019
0.3008184358360729,0.3581014704755027,1.3083749241336142,0.09654128583099635,1.4761537163103915,200.21514286338197
-0.8373097474079892,-1.2921749987856674,-0.6123695086769219,0.43402752101138786,-0.05033088139259776,-100.09291325686767
-0.1897153101424586,1.0521611243790103,-0.5928021455618397,-1.5208423788666088,-0.5672024208065292,-147.77302620126582
-1.5826589074072723,-2.5823668996960927,0.19045038921810684,0.7605342597198431,-0.508426090664369,-155.91514258754938
2.1090270507376094,0.15056300014804935,0.35936392773235315,-0.06340926620645748,-0.396170572760582,58.030219444718604
-0.18224365599137798,-1.5729153636781534,-0.45617441036136486,0.5899019993330636,0.23760452343576735,-59.41565268889376
-1.2687978775943025,-0.2616742129310745,-0.5883475674823943,0.8024484525829515,-0.6364086254218521,-45.31488789223393
-2.4753663233569694,-0.43933933892007637,-0.42058031255538486,0.29654432331334724,0.6201095839568519,-53.36963244957321
-0.9282281881140858,-0.572086508505712,-1.4296069017777173,1.019421993169599,1.5398900909514768,49.72598594558588
-0.17741968129988447,-0.2169467854644402,-0.8039312711292784,0.3004299339771915,1.2451805848165047,41.287794303468914
-0.1915881624904355,-0.17036980855417372,0.13860100038172143,-1.192683085757441,0.4384533303140046,-94.70680155510934
1.52481643019257,0.45655973657705706,-1.0191263719053498,-0.48908887750970265,0.9031571624368457,24.29043324331792
-1.3802768958266953,0.17088720526195292,-0.5119321000931982,0.2868860772690422,1.7897530623702385,80.00774358416422
1.7745579066598263,0.5088554524774159,-0.2333705298742028,-0.9552598281408905,0.6949354136096995,20.517705315329422
-0.39683175838953166,1.1770987313961758,-0.5061435437217775,-1.0149922107107447,-0.07393990111088222,-63.38007149939041
-0.21877751781790114,-1.1246238260338284,0.12662654647538346,-0.6287231289776027,0.779378311769925,-83.09685045606817
0.06589135108197855,0.361845789428701,1.2548937207644242,0.16554730767541595,-0.7708120135134374,62.86184068801672
-1.049651036355225,-1.5788966775955282,-0.26340407911005664,0.6320355776258116,-1.0976950688938996,-149.3682031359562
0.18275650883033234,1.2245988996930988,-0.5589353926416695,-0.037382216902567135,1.7323762505313431,153.6122589091229
0.9660050004534085,0.5926220040101553,-0.9431099492019647,-0.5391006947831898,0.8975684170584984,16.590900494903323
-0.5447386834308253,0.07593356423801327,-1.2727263586095887,-0.6880644019474639,-1.298742792022173,-221.69856726941737
0.02125926947794923,1.272510372836691,-1.005584553566111,0.2491733317427245,-0.09892733179281832,45.294864940017945
-0.7862275850501614,-0.22648018105757617,0.684106466659476,-0.1817080475203617,1.3869146110614394,67.43206731606247
-0.04014507464859755,0.43303900980659726,0.3767184847285788,1.4158481816748716,0.6699245779188913,221.57211327527028
1.2155676814117664,0.27486563704575784,-1.0031109894537062,-1.5518029090583636,-1.9388724046314327,-265.94550008290804
1.6654590597499697,1.352087178627101,0.06238381854367769,0.05682946208782642,-0.8250102714079516,91.90920078547421
1.6510650107813476,0.13366833765037137,0.8756847276286228,0.9773804837021361,0.6149454363015506,231.4363072061556
0.9950067913047037,-0.45714940533489945,0.5794023187561527,0.21799764351868026,0.3472580317383469,71.70186972573555
-0.38150648266472026,0.7539412019502535,-0.11044745283632046,2.0690179014301417,-0.8270950204525187,178.2283433186388
-1.1200673626181978,-0.8297097092498161,1.423355141413005,0.4430442787460654,0.28387867510486475,52.84411379967045
1.790473808740151,-1.0716153208679442,0.4399237262288834,-0.23676173308937817,0.5080545711881647,13.546276022913922
-1.3430941692865168,-0.20779529826395832,-0.708364606569252,-1.3048329218489325,1.2149711129125613,-138.84568845852047
1.788469395600186,-0.01074742209657218,-0.5771429623675087,-0.03747628176847239,-1.3811111486933776,-68.48144431818375
1.2578707997334708,-0.3258568545075854,0.8856340368912121,-0.7847561508495486,-0.6419064153058602,-50.28402581959716
-1.0586166721847892,1.1992352794822743,-1.9010819446505793,-0.7979076766514612,0.6268625375791372,-93.30224274617376
0.47886804489079143,-1.0041552156483378,-0.2116553921818586,0.8288907300168971,-0.5811088488517396,-18.14726136091275
-1.0195821789236033,-1.3695405799513267,-0.4272601797897878,0.44215693028190584,0.41183034693270965,-71.53375314657633
-0.02481310871629265,0.15357874436495303,-0.4233840151319377,-0.4929061653856535,0.5049998357202425,-29.719403585909
-1.6739867800921642,0.39541059916194843,1.6067345529889585,-0.3638853236453327,0.3991245341392217,56.10954137527987
-1.0153435642509514,-1.9740720956544786,-0.04274187154552117,1.0698728388847334,1.7015348381261586,47.652725874044705
0.9558595998550716,0.8080679172129074,0.1413218591313968,1.096719803297153,-1.1114294920071168,123.1754540824997
0.7177970171475918,-0.76333868632155,-1.580006063876001,-0.04621559053541388,1.177057969285558,-47.78966442257535
-0.181969025769859,0.2534913255743108,0.29928185720681344,0.13730317557209434,-0.8996535094989248,-13.096339374586709
-0.1443099950858423,-0.2799160809732378,-0.8436377716602158,-1.4088466566845788,2.159366221192028,-70.90282875011155
-0.7694885439775399,-0.3482947416478305,0.4791045104972409,-0.7786986182724105,0.40167518249624284,-66.55927578422578
0.7145418800078,-1.3006783091758023,1.791920012261206,-0.8901288668127167,0.7512549368613276,-4.686411377279093
0.09187146182482891,-0.6726341680039052,-0.18618751682711998,-1.974526865138434,-1.2322042160545406,-310.66821683558595
0.8540090852254728,-1.1124417466453982,-0.8199682517716644,0.2808233272804744,0.2968820086281124,-46.89488089514454
-1.683057896733139,-0.9008127797065105,0.0537112567580615,-0.07394063889452898,-0.004313985978389093,-107.69474235069868
-1.9828684200098594,1.5694242011393302,-1.0719994791048026,-0.14220107591585898,0.015448984261614855,-24.87960460354212
0.38411943667627335,1.2798218320480466,-0.08522310366004629,0.18789505597855868,0.7951983234242647,153.49533558109835
-0.7284047480072483,0.38639025769990454,-1.9268818941551122,1.8284105555644359,-0.5521687352273513,40.46102588940035
1.4650240043944003,0.8055603817027033,-0.7399666617576347,1.4932724945814133,1.3844122915597357,276.4743657743091
0.43343691656102395,0.21295038592354698,-0.9495805808013857,-0.5383957610787412,-1.453400725304081,-163.55944376776068
-1.189973216349411,-0.3691654672183154,1.5428188530355278,1.9834620313637479,1.8546193050099309,326.7046818862358
-1.6637069241091995,-0.15101331097366633,1.20544916383812,0.23451263562221664,0.9603008042359705,90.09779748604385
-0.20643472952353223,0.47314803566595387,-0.11186603168914615,-0.6528499276285593,0.3313202647732869,-23.029532776814754
0.1466512350915045,1.7141577785149622,0.4023432696583079,0.9516197723586246,0.5359046918498969,257.78010744722894
0.46269967874040857,-1.7094489794719487,-0.5911067860046351,0.937164715711434,-0.5881553628282071,-74.28453760330173
-1.7314017615161181,-0.5520914937296181,0.16466977789656367,0.043118336070714046,0.5059254430747708,-39.11820092063836
0.8190348114174875,0.622994039864496,0.37999279010942194,0.2377253182790951,0.606251018464811,142.2562551615805
-1.171900114427168,-0.7038389665045962,-0.6835363551953192,1.1795204238868056,0.2496344015547438,12.839438071412175
-1.6024873816106733,-0.45461979226706484,-1.3446741805315279,1.5784507859520926,-0.4664985615612069,-24.20186467570727
0.007967315829349852,0.4182659769845462,-0.22438140000906995,1.7328761511938253,-0.9246087179228917,123.75281098038221
0.1916796823483919,-0.9083291213555269,-1.1276468432828701,2.14987956420834,-0.8812276919622097,37.3821735282601
-0.15823641794529927,0.19232571785946434,-0.5347670929596527,-0.5150039508675643,-1.2410576578400605,-143.76522857941643
0.18103180152212942,-1.6361961332995811,1.2195415618486816,0.7568697956856746,0.49028374805443686,68.39028054002641
2.6600228146036073,-0.4337532575790297,0.6344431805077039,-1.3416022048229364,-0.7765792136783611,-92.85297200721787
0.04720511342187096,-0.31657563414928985,-0.4383744056319291,-0.572046698883342,1.2995327106083543,-18.34799882370406
-1.0274102613720029,-0.010795807195491346,-0.1477658240217841,-1.000376096767962,1.227718520806429,-57.607263668512914
0.3482735721652744,-0.104778860512895,0.6416417659521916,0.5819727516831915,1.0477541563538073,156.12969214972046
-0.9895053342808786,-0.42794128627285627,-0.3774436003501496,0.20352643178305646,-1.1132093869168602,-122.03591939750557
0.22142039419058293,0.796810947183777,1.3682544290722898,0.20239053938899929,-0.9833715634835558,91.75718900241908
-2.7371622370997857,-0.7516880362774259,-0.5196419452331632,-0.4722055726792729,-0.2042323724290541,-208.05128853351405
0.9860470792048742,-0.4349873683999642,-1.849507899893341,1.0706282363930455,-1.1143094214797364,-65.78460911207573
0.001825521642925674,0.2797836096762273,0.7084042594316317,0.1096273216753509,0.10367515886325024,73.37984339472567
-0.49956248293712857,-1.131987514176854,0.3785576651816003,-0.5350376693449815,0.9171068651537853,-60.53086220448625
-0.2985831195834355,0.5513418136398512,-0.9835259376515333,1.3141333424344042,-0.10444392155939573,92.16310354198347
0.9768471622510654,1.8033053976189342,1.5657791494529938,-0.45627288285550416,0.8671018400649496,236.07998589020133
-0.36663793500433983,1.1531363809188726,-1.177442486061465,-1.236919298037872,0.5808283228595249,-82.21126997544272
0.21433791087487114,-0.5213277578232763,1.5688810367006716,-1.0942130944924569,-0.42682759347596383,-70.88253061572911
-0.4279806042253797,1.412794139412237,-1.9448410266449077,-2.1383918597448583,0.8014526764948181,-181.04972048109232
-0.09972938652015367,1.1564336341929666,0.19196916425664565,0.7697433370211402,1.2092999150459367,227.20360763196467
-0.3799123237449886,1.2326758664615471,-0.08913282993831075,0.8022365766767368,-0.8219996095602421,90.35590601527714
-0.5378088496365502,0.65169764768901,0.2206946144952137,-1.0029893493612305,1.8774253488316122,56.80961339088714
-0.9162278637264856,0.7040044453513797,0.20903424498992887,1.597882964435883,-0.36607229133403996,160.6699627714739
-0.48306920905144046,-0.5044645095497905,-0.8532694732768631,-1.448247309585414,-1.2212950550289754,-301.53174670510487
1.122695322910416,1.2600141022940248,-0.03170378039300325,2.366385496802232,0.7564959035759546,379.36095208327976
-1.4976633911409587,2.1169831523236198,0.5948706591269639,1.0069789996864245,-0.21098513816562728,208.95631144674525
-0.2961817389291386,2.3224503209773544,1.751203173589505,-0.6274356923747078,-1.0644432391434517,112.05571600395348
0.42161607013624525,0.6874916103737181,0.4868540505327617,-1.3620421700336727,-1.359179525182814,-128.0594931022216
-0.7227422527264311,-0.39655126069509894,0.47559887856965516,0.31313911186172316,-0.32383247099145934,-8.712423818234974
0.3638641794283814,0.7563358178827148,1.51982490853943,-1.1927282582352166,1.1111973885680924,94.90043604041607
0.8957653636832827,-1.970446596349255,0.5945943755286276,1.9545568520384524,1.0426855145812282,179.40136052458575
0.10084120358112135,-0.7867613160090082,1.2007272977806394,-0.5446740276459833,-0.5546112571056193,-66.5465731771145
0.12163458643580756,0.16269619944540603,1.6768302652056726,1.161454954278907,-0.857426397819416,163.64275823302108
0.42281338343411073,0.29988986706240656,0.7510824152123441,0.6191710422246407,0.5186707107276702,161.700096273222
0.13500348604628817,0.07483461025191908,1.4156888432367063,0.7478913558404132,0.06206498713496283,160.25318150313015
0.681068368547618,0.33291374992424805,1.5150790550539481,-0.23742784928073934,-0.2986834130782781,82.27982557469831
0.8437354384824017,0.5000000869820865,0.6852035349804283,-0.1661307104248363,0.10007558404643263,83.07801492588172
-1.3683466157846156,1.2962669954371357,-0.5756598127924718,0.6768863562262003,-0.36002123229947325,56.587305680927756
-0.5069515275606042,0.5254116870432473,-0.28212173018341413,0.47394526909733975,1.4249590063688597,134.98945373111434
-0.9141903778192553,0.7332201966471844,-1.0567028601644455,0.47482076866464445,0.034236395161040184,11.681271950800834
0.1355115111942818,0.7095464519153308,-1.2760397985203942,1.308672640145954,-1.1472591843389397,35.315390204653944
-0.6886069777938139,2.3375513316202094,-0.3354870557647556,0.8636889641153881,-0.8516616014334115,142.9172405616424
0.5026982727086061,1.1681425317736478,-0.6160918289551028,-1.3516730713780316,1.2743015522337624,3.8994044077756485
-1.444595039614209,-0.9910703256515916,2.2012563256605873,0.09597420553919153,1.04435970386832,88.54095965291198
1.2327972430157712,0.4484372786412627,0.896527538502876,-0.6905536303021907,-0.22811496322508637,32.67983738435076
0.3637555527125306,-1.0704809993292121,-1.257955550659436,-0.2502599807442832,-0.9774989677444158,-208.17721182517798
1.0100226410372375,0.5544879620034694,-0.17632410326973386,-0.0422596333549672,-1.8971828115925227,-63.61585622409258
-0.5823575253719717,0.7850550827053712,-1.0521427582076253,-0.32093882337752494,0.5656906620068008,-19.048635001460724
1.6946620276666025,-0.8654248929688043,-0.4184087508095454,0.554526560762043,0.8989874175986753,75.82659259537616
-1.5212815273656197,0.10305110325021784,-1.0382598051208776,-1.393008433645457,0.3551790403269631,-201.74561234132992
1.3229976842905085,0.534562137046623,0.6278013189364753,-0.14259738470972697,0.29694663554569567,109.42773964783792
-1.1174558789228797,-0.6738514011876876,0.1949805134278894,-0.7257594222908693,-0.8702055173790624,-183.570773923253
0.059140898495218655,1.1209361420941595,0.36996521423356,1.12631963817561,0.02912549686125608,201.95355844493037
-0.45080172403607327,-0.004998776868958324,-0.7076350542345384,-0.12452244006549047,0.7498851494523292,-17.446756832691044
0.4795657774271861,-0.2503933333907357,0.16246322215578443,-0.8912522824559809,-0.7164537180836158,-120.71602593420768
-0.05155531550522694,-1.3691654960369177,-0.2624055823868049,0.2738767359665872,0.04611057880053112,-73.70960789239038
0.8280479913657424,0.9101375116126038,-1.202616508622606,0.49935071006121184,-0.5608451050865435,29.76541110403327
1.7125903798956854,1.6751806957585662,0.05331833885904111,-1.024807619072507,-1.7966214632045716,-47.31771897680126
0.8017406759742133,0.2727563709445757,1.4931945838355571,0.7088623041140026,-0.03228390581979448,186.11762809628763
0.1833792931628113,1.8232118338256926,-0.35379475762839,1.325664409689255,-0.2752308806785524,211.50244307241044
-0.8779205763324306,0.43345619595753415,-0.05563655500509465,2.017308120528607,-0.43647597207581224,165.60809439562593
0.28685385425504584,0.6148971125739062,0.6071949270977799,-1.825559544332831,0.6284229211560889,-54.55873049735733
-0.4262039833651007,1.4657154835095547,0.5095543221219352,0.057257273824074015,2.1893526251662907,246.46219992769002
-1.3157843335847406,-1.881418711708001,0.22434200637232818,-0.5704163457609814,-1.1998557588472598,-269.46430261334353
1.047406264237735,1.9946794307592068,0.628774973187977,-0.6355997623428169,0.43445357682089064,156.5020328405835
-1.1393712945346264,-0.6640095485217429,0.4277250867560813,-1.0687015395441986,0.7486682439562896,-106.30807180776145
-0.6576116770270499,0.21118781285916766,1.2042857011407717,-0.13383690596286832,-0.20819892633441728,35.95416567228939
0.5842032588554472,0.8529792448273185,-0.32793578700860193,-0.33396665816887494,-0.6365275861163092,-16.580211056947803
1.2637564865255853,-0.2436317860180898,0.5513300105374402,0.05218547773877357,0.09999417301054098,60.68355180169223
-0.7558446341725337,1.8898125875487128,0.6876472111521251,-0.500874752190477,-0.4456725913923473,63.21629040733248
-1.554725425858328,1.0518778937098054,-0.05066105142261658,-0.8525604870028494,2.5568897863723765,94.50886626044488
-0.031738977352261784,0.3962379042578732,1.982649916350116,0.5668451596644868,-1.2684236449172597,109.95622367512814
-0.6676097498517888,-1.4559501208132688,-1.242355235795926,-0.33057168255648844,-0.9755115507000037,-267.8396254680629
-1.199348089727733,1.9125889962635674,0.29455494244969377,-0.00846825295863899,-0.1742999221873378,93.98504240076232
0.8098387911778664,-0.13654558491244842,0.7146598127072682,0.8789294561817454,0.2718667813325104,152.3804476288603
0.13082591247284214,-0.02358605582236068,0.5269299940501287,1.777267703910174,0.34335646277895576,219.96016049711545
2.1499108885621103,0.4946344844399264,-0.5637012337924338,1.0804963346214869,0.759207579305794,208.56888489726077
-0.3219841788813809,-1.1770197150144828,-0.868642525429688,-1.79269347195087,0.9971530698578513,-240.3423789901559
0.4994741679385181,-0.8741663999874273,0.30415120049491656,1.2064107380109033,-1.2797787972663934,12.503017458428246
0.2159868080584937,-0.31131142881685103,-0.20843113442626637,0.3326622252938354,0.6226475763098167,44.14175085663983
0.6435748286477626,-0.493785100975406,0.028913335834403666,2.4610417786809142,-0.5227881227920129,189.9192653233871
0.7335921293750476,-1.2731921538360749,-1.7656308837021584,1.016917084486363,-0.7486815459823387,-104.77239952307174
1.443874665511442,-0.3093053440041904,-1.370647831037552,0.6887437375411803,-0.5553955019613963,-21.800778225768255
2.19523554554167,1.4326303584371307,0.8304363946472643,-0.3745794122746465,-0.49287712418634333,132.39729017352087
-2.4023137021716447,1.459143739267095,-0.990683008063993,-1.1735387965781567,-0.7152767648278326,-180.49283207252557
0.24128163268745245,-0.6959065732071589,0.9621557661616983,0.04011977673790891,0.0034173652745653873,18.9873293741339
0.04500176230811471,0.18621052698447607,1.2174139802022688,-0.016941247245344994,-0.44784262535175584,51.15864154461529
0.8133293704301048,0.6696540854776395,1.0668967761872412,0.23517062106919404,-0.7406629846213973,101.30750802711842
-0.27034584746013196,0.40309908448407333,1.0735309135205076,0.6497232636644995,-0.2658118507831487,122.47911610141072
2.1520016572598077,-1.0531498278481302,-1.4076221396918678,-1.6803257557126756,-0.6575353850535677,-281.98127960160554
0.26897396468698975,0.3106384800900655,-0.6197758654645354,-0.7744971778141148,0.5128310581586668,-48.43068373435685
0.33433627636107993,0.3410197655671013,-0.4107654292167173,-0.1935133606719803,1.971223238404571,109.07555891381908
-0.9246920637986331,0.6276060955593952,2.2806776573165917,0.5818443831684736,0.870848261571246,245.9132347683401
-0.31890354424505885,2.2782715301277334,-1.2511199914844489,0.9160343102055523,0.2618629689864699,171.42300190572206
-1.080727477569181,-1.9722268262936407,-0.11057972317339367,-1.7420815528312976,1.5167365388322367,-234.90419408831343
-0.16748885571891012,-0.40150004699740993,-0.5714589799763926,-0.556728762239541,-0.9007255870743303,-167.38895051371225
0.37323028215315207,0.2069599816604846,0.45406387337880133,0.708373591152986,-1.070660772299488,51.443510697580486
-0.19012659465812481,-0.08055203348250727,-0.5228244732660207,-0.9452462909891218,-0.2114550616343158,-140.36176382321537
-1.8944520560541855,-0.060364156762890746,1.0864169230344107,0.1223831431613113,-0.006245198900306391,14.481326871125908
-1.473986924910017,-0.6031337583887663,-0.2068939565531901,-1.0300619908221735,-0.05628963851198788,-190.68643161131394
0.9871879169578824,-1.87200815913947,0.8872395199045555,1.2705481287330078,-0.5429757927928555,44.24943362096309
-2.051403532383729,-0.6351382535835566,0.6773277843133875,-0.030864317043099998,1.388831223942401,20.49680144758546
1.7016188884676369,-0.24271463384930203,0.5522957328392776,-1.2519782259346168,0.8071434115907361,-8.13682314086251
-0.39636852182252874,-0.13402903980648825,-0.6254125274688953,-1.3549360656879803,0.08353172115784607,-176.1062595128738
-0.20523513601511234,0.5069420110153375,1.5708066773080673,-1.846673354118915,0.7746062271385988,-16.003325183543197
0.08601038417731219,0.5257273271526857,1.015252988832772,0.6414123836023431,0.17582524286766169,162.66444215611455
1.5135097173089416,-0.7446873398273284,0.11595609653237146,-0.17616097534985042,1.5548023964792879,77.670814139083
-0.6043176497179461,-0.18714371848472106,0.07953517188253202,0.688684261748861,-0.3696081480131607,19.219311072070425
-0.007203579522437806,-0.4232616959391447,-0.13541185756466342,0.13528746741068845,0.5369514530494767,10.99019105568799
1.805497817538313,-1.6734891669162375,1.2641501329929752,-0.1712237093214422,-0.3840537235955403,-26.992440795610463
-0.2576697504844124,-0.7259338716534958,-0.6335835925092985,0.5323543519716442,2.367437263505048,105.12106887312767
0.04730315021095398,1.4401514119196304,-2.309401978772806,-0.45137595967828104,0.37841601409613307,-51.6716306657229
-0.3636310340567504,-1.1205302770654477,0.49571739444798163,0.3704326238479386,-1.4780775267121782,-107.6336072284992
-0.013407402390798477,0.4242934315492714,0.621180031005602,-0.2620777406998707,-0.3191787358187419,16.905354833300756
-2.2174272668373307,0.13417941099900216,1.2762048152998122,0.7392079437229854,-0.8227679429892545,37.664899975903
0.8164001597385081,-0.1343659113572381,-0.7346972969198837,-0.09160967865418762,-0.1769734161918925,-44.647033204236756
-0.6446186409981316,0.6452751665850895,-2.120731272144665,-0.42228606150955295,-0.10107382809519336,-137.18697657451293
1.1981680111816149,-0.20983927476455286,-0.6024291499588404,1.398003724028185,-0.5050055287175236,89.55198400393117
-0.5604146779388759,0.043861426983069204,-1.0180397994306158,0.6537562097958061,0.8981276761827903,48.35284700475558
-0.9058345343370878,0.36305329202980324,-0.8795824017289682,-1.3910522750539218,1.057665162117751,-117.2792184135333
-1.0476527204898975,-0.5041295293156142,1.0729203426781837,0.2725659943594601,-0.0789550016870864,18.69706392044472
0.23071923880525422,0.5277231731342369,-0.15470747116523426,0.7124551441695158,0.39672755776493884,123.31860896706347
-0.7660731777826887,-1.0404448296771438,0.11612339158838403,0.6129043458832889,1.5236145306256201,68.72207427718526
-0.8804407930662727,-0.7822621286104559,3.0616581640188234,0.19108280605988087,0.5064472539396446,140.81324772561112
0.8823548809224683,-0.10275550490759629,1.29396062899386,-0.8494350984138039,-0.2993963594257343,-9.874808925640178
-0.49391521386876996,1.0712984132756829,-0.27162482565860696,-0.7194902429120725,-0.5945083335918296,-63.33600920179433
0.25886839416438334,-0.97669452602363,-0.811203775991867,-0.0748905171190929,0.39762681160623414,-81.81759398274943
2.2841443765197127,0.6654574067997376,-0.7474569694796137,-0.83878280376982,-0.38109549117494473,-36.81461151697242
0.9985197767406396,0.787185893143216,0.2777199616916095,0.7216614818335839,-0.04546881907888429,158.84412765309062
-2.0341338039188925,0.28311297590778167,-1.7630445061994193,-1.1175901313663283,0.4832445547323053,-209.98156305618195
0.39459590090515656,0.3179787796575897,-1.3404462103422399,-0.6092667911155123,0.682652459423236,-57.75138032652211
-0.4547909158979104,0.7051326383862422,-1.22309698543996,-0.10959925204052368,-0.4255070786645051,-69.32641337031245
0.5522906963091414,2.158134475632401,-1.448626006472017,0.4535685551172673,-0.9123360181225768,62.92754595132234
0.7632906012884961,-0.467759933550996,-0.9955285439885042,0.4444371544601111,1.4105446785317637,64.42501363739544
-0.8595829611869946,1.5626863211569002,0.5839431758508377,-2.0739161831019586,-0.8791547727052028,-140.97300181340003
1.007004887684353,0.07752006837736317,0.9387191995625256,-1.4527330855255685,0.3904168366632685,-29.937918267763255
-1.4867545337604258,0.36432384093568637,0.419896634732269,0.4755052786180298,0.6241652065724281,87.87525712835742
0.4716892824217011,0.8284509348528373,-0.3698645339626329,0.7027349510742568,0.40432532365362156,137.00114660822018
0.7277696049243311,0.17275597014551453,0.6201638882668273,-0.3879546621364656,0.9577004241245627,85.93393908790262
-0.19070786988607133,1.0338125603118244,0.45522309412596035,1.2173523598480709,-0.6612710657336949,161.344639708077
0.7045231529270437,-0.5034913739218735,0.048355934554473845,0.10101100250370164,0.6380353415618113,38.30318488406789
0.46669817588452506,-0.1926663644968229,-1.6293340429984666,1.3624370476829306,-0.6440925106126102,3.0719532096718467
-0.6545063284680803,0.9039758769989841,-0.39323897030344074,0.9890813695718349,-2.024111794647834,-9.05840542697441
0.31240194775202174,-0.3560252143283015,0.5253432167149236,-2.1981083047297707,0.4313851153301474,-167.2297608814907
1.7368765062826943,-0.4159247286027921,-0.9889890951059509,0.9574426587340118,-1.1614147286887322,-10.725160913417795
-0.4237711125307833,-0.25095563451100084,0.8940959124145829,-1.119318198312722,-0.04284838938010863,-87.20434928408233
0.12862537993076784,-1.220028001671841,0.14545933171468198,-0.2397781264037646,0.3403922603313371,-68.08231774222527
0.9175794296445126,0.5886878875881689,-0.6973445259964127,-0.9732998146356571,0.7100087978039765,-24.00820627157266
0.4204878765785135,-0.407695590951907,-0.14385398688519033,-0.8183592537535619,-0.25947064370012013,-114.67745974205477
0.8063443125659622,-0.16315966369839577,1.2150971850126433,0.24778972907231864,0.1679243820852858,111.76137183065907
-0.4175024713714463,-0.741940910678139,-0.6553394329423556,-0.600931163622138,0.434315403333533,-124.6577629928268
-0.0706700236095293,-0.8105367578681922,0.28331775562410794,0.030468783577008232,0.3462936710254776,-14.086701617781547
-0.8234958187979944,0.28230281889427716,-0.12902753955214358,0.4056765506809011,-0.7310856540297405,-16.6840303610254
-1.6786280258450221,0.3251208477894959,0.5236463031770696,0.4647556826025969,-0.6933164645168595,5.687376711791561
0.6056010315517381,0.04274782203113715,-0.871886011833414,-0.5003122252983626,0.09054034367666168,-69.25429665541836
0.7551982166386837,0.9748579628492687,-0.6924498327508841,1.136343212619653,0.16370180319491023,163.26970838935517
1.0768248433495893,-0.6665601948156242,0.1166225569787596,0.40727746142765847,1.0760429982249329,97.13806137831817
-0.6059812256791508,0.6258684563364894,0.6458010164328952,-0.4087447112136612,1.8341236799416307,129.97193786060416
0.028470220915433928,-2.3148318034165944,-1.062467595049791,0.7864982904971477,0.5280194888506787,-97.72862067270995
0.7435667892552177,1.135616731851631,0.22357635340740145,-0.03046002811785429,0.7068164473525059,145.0068167197865
-2.491314728294642,-0.6325187549371895,-0.5760474696945812,-0.6973863966328039,-0.5964753556676226,-241.5617635809012
0.9766589853661442,-1.0300794108204674,-0.005237415040124256,0.6515415945186873,3.800534912340133,251.09229058325894
1.8756420937995204,0.27321880392728215,-1.2023716622621157,-2.1819603557234513,-1.3429162135865165,-282.53558252124
-0.274890855384911,-0.5177038122610819,0.7500218777681402,1.0218981513294552,-0.4845794892996711,68.24237043885881
0.0821786842053868,-0.3401558809142575,-0.09108361332710956,-0.21526282484535025,1.3224264086791246,35.082377504437574
-1.3561876606979537,0.9725746938139019,2.3168440635885865,-1.0174506201000766,0.7566799098250115,99.75031107649181
-1.2102171156734787,-0.47927055360006365,-0.13653429793741712,0.994187942912579,1.0202895809608223,84.4233213930035
-1.3389424038080806,-0.4741110356602814,1.5039748407039506,0.47370134229973143,-2.317165337825878,-79.23652792798629
-1.1792911483696642,-0.6052835457123993,-0.49013343517647084,0.6516794703714269,0.8676233390397904,16.506918602648348
-1.3545977606542907,0.2887497134105218,0.02864299411236935,0.277370236573923,0.3545602447157656,30.575690165013178
-0.3505032430634366,-1.8960445294081567,-0.885660842981892,-0.650626923642407,0.2610526702961704,-223.92813601169053
-1.7639346031132848,1.0372311029979429,0.023139504298314337,-0.816798971385054,0.9377958878119759,-1.901125964824331
0.7488417106205432,0.8428217764354088,-0.3206021245304304,0.6711455443159179,-1.4170892829985757,36.02718349900935
-0.6042910179944436,1.7375767795277364,0.40054808747982273,-0.9311299268791071,1.8003661561123108,136.09761136564984
0.2743879883031536,1.4746731997682394,2.258490186842208,-0.7998911545772462,-2.188978575184733,17.53630020907238
-0.9426236137270434,-1.1453047867017478,-0.41101013211330883,-1.6791051612082475,0.1793638033618,-268.9266746439462
0.3954484613669671,0.02263586585780352,0.16216448649786086,-2.1940088177976094,-0.3344821104426175,-206.03863582810104
0.7027869056121097,1.9348703407218482,0.5954430690746825,-0.11944344740653001,-2.4106641715587336,19.612433454941687
-0.10797351540654083,0.6246018761633867,-0.3481856519148967,-0.6246856429550566,-1.2637006372006623,-116.45458027080986
-0.10874001874968708,0.22562448536394283,0.5241422582095682,0.42633846922656254,0.2803373315820556,97.45199101698529
0.09773481287033571,-2.020480704068638,1.1829277842557215,-0.8823878175848532,-0.6475346855891279,-183.7409172154807
0.2736009190840068,-0.7249340950273154,2.1041485054901297,-0.27241929505868084,1.2710176487460534,126.38369679924145
2.151756559782401,2.342150139957668,0.37889045440188374,-1.0389230257801878,0.4508557250754232,158.38820795709012
0.88847880467374,0.950672892557788,0.12168293611986983,0.6258515124187466,-0.5570476378060892,118.02015491569173
0.504111986098199,0.6990314319767311,-0.579001209405706,0.08706977843458728,-0.4810417337118329,6.95543444259539
1.5538544145995845,-0.7773307910540784,-0.4548189289042858,0.973547083282893,-1.0394217130873784,-1.0024829698461843
0.34133449965214335,1.532477626969569,-0.3231794243294759,-1.393618896457443,0.3182410819270361,-22.756429768586173
0.9295520271771691,-1.3495920582017575,-0.22590217726545486,0.5461132273239755,1.2926299539226496,57.105397292826936
-0.27925098200750653,-1.0215896574180336,-1.416216013816075,-0.2202353660995163,0.3339554764990996,-149.90733678642948
0.12577785391798185,0.1937142481658158,-1.2592416460554385,0.3221717857613924,0.25832423329321846,-5.983398222447313
-0.1366924782194549,-0.1263052277667464,-0.9059416418510396,-0.3329696641725807,0.5962588569313925,-56.19802431541572
-0.3329885454566041,-0.7891595534884089,-1.5343385039254183,-0.056624798002018695,-0.9117329256239629,-202.19888018274705
-1.026433764941908,1.2543941262191725,-0.14516049825767932,-0.07331047576896144,1.3440116515571798,117.8846128743551
-1.2886295426747298,1.1736082868218383,-0.7970478984645465,0.44454413529789805,-2.559197455841212,-114.89283536083738
-0.758973865336938,-0.2833043907601786,-0.7120177107637798,1.4652115553271015,-1.1366943897615278,-6.606357800317795
1.330127941140745,-0.34138368610780945,-1.0328294882433011,-0.07101131738756995,-2.406667776584771,-191.57796226134752
0.20974855764746467,-0.2566024589349177,-1.2151866384591095,-0.19186237913783696,0.4132899950610535,-69.32432308889172
0.4616161449403318,1.0094952233604653,0.04750392600431327,-0.03319943080695468,-0.2672220611850586,60.97473142029439
0.6127612930419094,-0.1889977492627388,0.3804230002717192,2.082330937158026,-0.5691779520077743,188.92766660449567
-1.8002176622484185,1.831581580029389,0.10223757460858922,0.4300847428673112,0.45007852679322546,140.755163837866
-0.8863817483352864,-1.6890872841812443,1.8023009548097213,-0.7086184790526585,-0.30193563193282336,-119.03454147466944
0.5367807636931594,0.7796584728626277,2.557321466186248,0.8625922008518944,1.055807047927889,348.59759444096716
1.0814953022547775,0.18608154090748769,-2.1091842154858935,0.7459313858966027,-0.4489645102104055,-28.486721934295105
-0.36485212513066473,1.670782447952628,-0.4783820683283131,-0.7813218444319704,-0.4158172242837352,-27.92210575929431
-0.11012477053411733,1.5068327023017476,0.8574861283493833,-1.0615169979235144,-0.27778013231856424,22.854594868060076
1.4374090899665481,1.7052978539194248,-0.9338691066084368,-0.8315617527503459,0.6385856821422076,57.794459489247814
1.4245328213828123,-0.8105879416137748,-0.1327136995462753,-0.8190001432603081,0.15018226385717137,-87.53009714836293
1.2858973950705908,-1.0694527765294926,-1.3632850240684216,1.2173355519894729,-0.06242250696445557,5.386724912569818
-0.48593727114069085,0.9026298927902792,0.4764955140180285,-0.28964276119069654,0.5408365982383175,75.45993988348444
0.5180995867171323,0.31686656569614186,-0.7616200553726334,-0.5366720864435418,-0.17454354268642647,-67.56052692845599
1.0401906083733492,1.8488028948958262,1.4074760382979774,1.5169997590052868,-0.3523040431067947,345.7640390815923
-0.7662285668066572,1.1013000799770862,-0.7750348478433694,-0.21569915875803874,0.3441622972891029,7.728074342292118
-1.7573134132520558,-0.622678576753507,-1.9215010820207872,0.34457059996382655,0.4591556840195784,-131.72185029000445
-0.8081349783146251,0.2047921212229046,-0.9552961091579996,-0.08201298976829943,1.577884522441567,26.30388946642792
-0.23542679613128079,-0.27647090602803204,-0.6790159351534745,0.19105650767279495,-1.8192296599913946,-151.43996855077978
-0.4831753495659906,-0.8148976821312048,1.7297552404206908,0.3349784959389307,1.8400173238723974,171.06575087754882
0.16641772596429016,-0.724945689933904,0.1669222241473289,-0.4665401595384813,2.40303019055401,67.89649034567049
-1.2930315741570482,1.2801931795595616,0.7558158853838506,-0.9702223071920337,0.9321351472373359,51.444718060566515
-1.4438019502405717,-1.8088413285828067,0.030123826151206175,-1.0077266361194104,-0.0120920297544923,-249.06480648485604
-0.8508269386727111,0.38927998237263794,-0.2917312208647876,-0.06930625994313447,-0.356764328664864,-41.94791604462313
1.7219429793702972,0.8134668628566049,-1.3731860769517616,-1.6099809869635937,-0.696250983778686,-168.70858166353221
-0.24400305573986458,1.5968045591437545,-0.9592498435980105,0.025110209401838265,0.9400806324602596,102.24931605582378
-0.857713834454668,-0.15169952853651528,0.27190100417046126,0.3277728979852114,-0.3036759382488741,-5.2869614838273975
-3.149077560406365,-1.0149479969985964,-1.1894375637983712,1.0355684415274793,0.926382902719706,-62.02599336507694
0.1481158639056357,0.9369546215186562,-0.7881391579667079,1.68338979184065,1.3066392239480036,259.2167425186493
0.4495205757521239,-0.08351510715421803,0.8935442292374755,1.2605671752033591,-1.3492282386945096,94.42212091410771
-1.0907696415712027,0.2260691263469246,-0.14517862307968968,-0.321960198549947,-0.6604928435007505,-93.14668083413835
0.0577427832983835,0.32221578900805153,0.1773081510884523,0.6721781467529354,0.2741074130259499,112.2874477380773
-0.2432966716936655,0.7798071285865537,-0.24053484996431748,-1.2844652122247284,-0.8149468247066977,-139.99204792462507
-2.5947419805452294,-1.3279751012675733,1.1291944562396987,-0.4710360472582544,1.164826150600046,-69.23375516573614
0.1950227263116435,0.36939177313676874,-1.1929433565612468,1.1507698923952119,0.6543922971926267,112.88131712026191
-0.16631044410282006,0.2794994919486243,-0.07013938423778408,-1.3310791387956395,-0.42418590618186364,-141.486957935075
-1.0802465763522238,-0.046496863912833385,1.2230638563225757,0.4155969987721026,-0.6075162288482099,36.93922272655199
0.15908611687364557,0.2940698948948292,1.5610660283564195,1.5593359460330205,-0.4813811278683647,226.97364000303364
-0.05362464829462371,0.1367516744457822,0.017085300273276816,-0.1426163680776236,1.1634691164147486,64.93058579695797
1.1788747063825231,-0.6834576325809688,-0.07572840856173822,-0.44579159975384464,0.4584049657145537,-29.31851978456386
-1.476229302939597,-0.49596135749204046,0.0745637631447186,-0.2157321948458582,-0.3852970184344393,-111.32288532099163
0.29756715903365627,-0.818304963929997,0.9028135416954239,0.40995878739864006,-1.6934240708981954,-57.22665438225917
-1.5686216652292426,-0.24940253922467243,-0.7785929671565426,-0.5731047060879405,0.3673543534690964,-133.10890818438762
-0.7789140413063768,1.0597323680697455,0.15511067916980026,1.5100117731682057,-0.5790317139892494,163.11694635336931
-0.46349676249959915,-0.6954708755867927,0.7885882757128834,-0.5801367694536315,-0.0645458240501899,-72.62113302491386
-0.841610737351987,-0.8612325486524179,-1.382864214617215,-1.649454693675823,0.2946152372237406,-291.0157689733778
0.23075137138425278,0.40875361850712355,0.8269444762010729,-0.3141372836589306,1.5576575556629941,141.4278372781871
0.32834853498050826,-0.18302787543033305,2.349041577608964,-1.8539610005073583,-0.23215116559971918,-64.10388373313772
0.16351299613653492,0.1304412187782257,0.41625392792002763,-0.0648770487937044,0.055651542059426504,33.09168459295242
-0.27847724134105967,0.25182900339872044,-0.7441621879753534,0.09720678286112222,-0.270883866994791,-38.53298590418613
0.2817592998111408,1.3775017239007716,0.8217239429976931,-1.9276022523415897,-0.20030897563583336,-53.82624114608292
0.5817809139913771,-1.1004135452569757,-0.0772331214606436,-0.3536355418094778,1.4318638680505646,-5.353433595271788
-1.6320565536172418,1.093055129802387,1.328903268294842,-1.1699735708253334,1.6761813481306918,86.94977653905211
0.6547039751593303,1.283333346273381,-1.2872562294970475,-0.8681912036038893,-0.7888300044470764,-98.91716645954399
0.8175762121944761,-1.0787835327749575,0.4853064491176114,0.7814368379066273,1.922088613633876,169.84828970420025
0.7180276708772088,-0.8998828225026796,-1.5401333098562102,0.7951360006080833,0.6730432890626277,-4.9233217156520865
-1.2753702891578245,-0.3110879955036199,-1.3024492280971405,-1.7829424985606999,-0.8950496654375127,-347.5429284763845
-0.885394731095692,0.17690557858678785,0.8967592717826016,0.7008257991616879,-0.6910954703371532,60.840476461266014
-0.11255728503744268,-0.027061630896517086,-0.03480501397548876,-0.13614929781384758,-1.0147320933623374,-79.95067805700666
1.9997994509829156,1.109677637932018,1.1233649098648404,-0.7102814813798726,-0.1824639134596228,109.15242714935385
0.2542841827753749,-0.9596764417446524,-0.1491005812037317,-0.7533124972430509,-0.4993235815766825,-162.9479021320413
2.087416680839079,1.5282930282029,1.7167969423486305,-0.6659583181516913,-2.740298770312828,21.235753628759014
-0.03042003522939073,0.5549915859813555,0.011257079406747408,-1.0553703937776313,-0.7648521274143167,-110.1050225839497
0.3161551438913882,-0.8157702742318362,0.38322961393525595,-0.8521956905780937,0.035363133736734526,-100.50274505412438
-0.811433352039581,-0.3639104032036388,0.4728089777370369,-0.422675863594089,-0.058121328327610855,-62.932516718365
0.7333376537909169,1.0882772916332857,0.6533733004507435,0.44354049343368285,0.608941272811247,204.00023376847423
0.06440413629786254,-0.1283136387016637,-0.09651286043141614,-2.353717527306164,0.5473164535623356,-201.0567945766156
-1.5343592231508283,0.5587950538372437,-0.5155152102722226,-0.11145334429554508,-0.12612697412168278,-52.30408069822323
2.240360086638677,-0.10768305732427406,1.7361271609626063,-0.30143123094575863,-0.008433430373931877,120.57441718374207
0.5538627864702441,2.432006180021363,0.20762669268527628,1.5958863495671134,0.5215467341206799,364.3114872559097
1.4747744459148513,-0.23432162398306755,-1.1408986359465765,0.8637751945962817,1.6604322389042325,145.72275799591657
-1.1844513979369267,0.627769724940496,0.2470295560828024,1.4933528894470578,-0.5807551614302461,127.70397970870107
1.4662845141584442,-1.0415287649004028,0.2222021794249943,0.6822602503954769,-0.36801871109038553,29.14930366799092
2.1178948055038895,0.047473892992607056,-0.7183621352037489,-1.2614487012344942,0.6317583251046627,-58.46663422470347
-0.09482744515171963,-0.17732239012724407,1.6032455231012754,-1.9284121321345697,-0.036293893163548654,-111.15882965241211
0.22226260147366733,-0.862317086685962,0.12027922339444573,0.5901711707021027,0.06245219750503155,17.80579080786285
-0.19321811205341113,0.47070360250911253,-2.046713101531376,-1.0819661708458679,-1.6385403808726249,-286.46148207625504
0.6158684584992394,-0.2786682747709954,0.8677504243401503,-0.8073808486898594,-0.26865435941325627,-45.725059065261796
1.8132137928304832,-0.6719630113117678,0.5708321381265866,-0.6784928643232988,0.012241672917242196,-24.79721660864592
-0.8604626742774438,-2.0694463999695327,-1.785629884462846,1.0864011724179294,-0.014699908127506623,-150.00022239972762
-0.04837665994866614,-0.3137437196494604,1.2112084891169896,-0.6069790949994713,0.7781962985006399,34.06883033528793
0.3026357992469147,-0.19815305892810353,-2.1578438567391385,-2.179986515071414,1.0293789388950196,-265.3513892106222
0.06020921452307989,0.1271764322660288,-0.9346026436302349,-0.8387359976904287,-0.9851063164822503,-178.85541045106805
-0.24414687625024925,-0.5881158200764812,0.3416861403577495,-0.3781097573223478,-0.467080838969778,-88.97703021229322
1.5766325025519428,0.5501847554678974,-0.262956830535688,-0.3030335640512377,-1.0207052742302054,-25.069873726938933
1.0084244232928798,-0.21908378154666008,-0.8745900189871704,-1.0348029597311497,-1.1972158351846431,-202.76846752922347
1.7511929665203059,-1.3193621438304386,1.0019830528461815,0.40736977742658553,-0.40587624994537597,33.305347872215364
0.5428677147161601,-0.745368118832141,0.4654111572404256,0.24086993250563973,-0.7013052958699267,-26.035050103115623
0.6853280459006043,1.50931858271443,0.02067728433873305,-1.8250004314831787,0.7582296468327319,-10.533930199202189
